{"cameraMode":{"drawMode":0,"name":"Shaded","section":"Shading Mode"},"sceneLighting":true,"audioPlay":false,"sceneViewState":{"showFog":false,"showMaterialUpdate":false,"showSkybox":false,"showFlares":false,"showImageEffects":false,"showParticleSystems":false},"in2DMode":false,"pivot":{"x":0.11999999731779099,"y":0.7300000190734863,"z":-18.770000457763673},"rotation":{"x":-0.10564068704843521,"y":-0.21072645485401154,"z":0.022915437817573549,"w":-0.9715549945831299},"size":10.0,"orthographic":false}